Japonês,Inglês,Português,Explicação,Tipo de Termo,Onde aparece
司祭代行,Acting Presbyter,Presbítero Interino,,Igreja,Tsukihime Remake
神代同盟,Age of Gods Alliance,Aliança da Era dos Deuses,,Vampiros,Tsukihime Remake
,Anemic Attack,Crise Anêmica,,Geral,Tsukihime Remake
,Bag,Pasta,,Geral,Tsukihime Remake
黒鍵,Black Key,Black Key,Espadas usadas por todos os Inquisitores da Igreja contra demônios e vampiros,Igreja,Tsukihime Remake
,Branch family,Ramificação da família,,Geral,Tsukihime Remake
埋葬機関,Burial Agency,Agência Mortuária,,Igreja,Tsukihime Remake
,Cafeteria,Refeitório,Expressão adaptada que o Shiki geralmente usa na TL da Tsukihimates,Geral,Tsukihime Remake
概念武装,Conceptual Weapon,Arma Conceitual,,Sobrenatural,Tsukihime Remake
死徒,Dead Apostle,Apóstolo Morto ,,Vampiros,Tsukihime Remake
,Dead Apostle Ancestor,Apóstolo Ancestral da Morte,,Vampiros,Tsukihime Remake
I階梯：死者,Dead Apostle Rank I: Dead,Apóstolo da Morte Ranque I: Morto,,Vampiros,Tsukihime Remake
II階梯：屍鬼,Dead Apostle Rank II: Ghoul,Apóstolo da Morte Ranque II: Carniçal,,Vampiros,Tsukihime Remake
III階梯：不死,Dead Apostle Rank III: Undead,Apóstolo da Morte Ranque III: Morto-Vivo,,Vampiros,Tsukihime Remake
IV階梯：夜属,Dead Apostle Rank IV: Nightkin,Apóstolo da Morte Ranque IV: Serviçal da Noite,,Vampiros,Tsukihime Remake
IX階梯：祖,Dead Apostle Rank IX: Ancestor,Apóstolo da Morte Ranque IX: Ancestral,,Vampiros,Tsukihime Remake
V階梯：夜魔,Dead Apostle Rank V: Nightmare,Apóstolo da Morte Ranque V: Pesadelo,,Vampiros,Tsukihime Remake
VI階梯：下級死徒,Dead Apostle Rank VI: Lesser Dead Apostle,Apóstolo da Morte Ranque VI: Apóstolo da Morte Inferior,,Vampiros,Tsukihime Remake
VII階梯：上級死徒,Dead Apostle Rank VII: Greater Dead Apostle,Apóstolo da Morte Ranque VII: Apóstolo da Morte Superior,,Vampiros,Tsukihime Remake
VIII階梯：後継者,Dead Apostle Rank VIII: Successor,Apóstolo da Morte Ranque VIII: Sucessor,,Vampiros,Tsukihime Remake
断罪死（パニッシュ）,Death by Condemnation / Punish,Morte por Condenação/Punição,,Ciel,Tsukihime Remake
病死（シック）,Death by Disease / Sick,Morte por Enfermidade/Doença,,Ciel,Tsukihime Remake
出血死（ブレイド）,Death by Hemorrhage / Blade,Morte por Hemorragia/Lâmina,,Ciel,Tsukihime Remake
焼死（ブレイズ）,Death by Immolation / Blaze,Morte por Imolação/Labareda,,Ciel,Tsukihime Remake
衝突死（ブレイク）,Death by Impact / Break,Morte por Impacto/Quebra,,Ciel,Tsukihime Remake
精神死（ロスト）,Death by Insanity / Lost,Morte por Insanidade/Perda,,Ciel,Tsukihime Remake
拷問死（ペイン）,Death by Torture / Pain,Morte por Tortura/Dor,,Ciel,Tsukihime Remake
,Deputy Presbyter,Presbítero Adjunto,,Igreja,Tsukihime Remake
地脈,Earthvein,Linha da Terra,,Geral,Tsukihime Remake
エーテル,Ether,Éter,,Sobrenatural,Tsukihime Remake
代行者,Executor,Executor,,Igreja,Tsukihime Remake
,Family Head,Chefe da família,,Geral,Tsukihime Remake
大魔術,Greater Magecraft ,Grande Magia,,Magos,Tsukihime Remake
原理血戒／イデアブラッド,Hemonomic Principle / Idea Blood,Princípio Sanguíneo / Idea Blood,,Vampiros,Tsukihime Remake
復元呪詛,Hex of Restoration,,,Vampiros,Tsukihime Remake
聖堂教会,Holy Church,Igreja Sagrada,,Igreja,Tsukihime Remake
反転衝動,Inversion Impulse,Impulso Inverso,,Sobrenatural,Tsukihime Remake
,Lunchbox,Marmita,,Geral,Tsukihime Remake
,Mage's Association,Associação dos Magos,,Magos,Tsukihime Remake
魔術,Magecraft,Magia,,Magos,Tsukihime Remake
魔術式,Magecraft Formula,Fórmula Mágica ,,Magos,Tsukihime Remake
魔術基盤,Magecraft Foundation,Fundamento Mágico,,Magos,Tsukihime Remake
魔法,Magic,Magia Verdadeira,,Magos,Tsukihime Remake
魔術回路,Magic Circuit,Circuito Mágico,,Magos,Tsukihime Remake
魔力,Magical Energy,Energia Mágica,,Magos,Tsukihime Remake
空想具現化,Marble Phantasm,Marble Phantasm,,Arcueid,Tsukihime Remake
千年城ブリュンスタッド,Millennium Castle,Castelo Milenar Brunestud,,Arcueid,Tsukihime Remake
,Mystic Code,Código Místico,,Magos,Tsukihime Remake
直死の魔眼,Mystic Eyes of Death Perception,Olhos Místicos de Percepção da Morte,,Sobrenatural,Tsukihime Remake
数秘紋,Numeromancy ,Numerologia,,Magos,Tsukihime Remake
鉄甲作用,Plating Effect,Efeito de Chapeamento,,Ciel,Tsukihime Remake
固有結界,Reality Marble,Reality Marble,,Sobrenatural,Tsukihime Remake
秘蹟,Sacrament,Sacramento ,,Igreja,Tsukihime Remake
第七聖典,Seventh Scripture,Sétima Escritura,,Ciel,Tsukihime Remake
城主,Suzerain,Suserano,,Vampiros,Tsukihime Remake
,Tea Ceremony Club room,Sala do Clube da Cerimônia do Chá,,Geral,Tsukihime Remake
,The Original One,A Primordial,,Arcueid,Tsukihime Remake
真祖,True Ancestor,Ancestral Original,,Vampiros,Tsukihime Remake
死徒二十七祖,Twenty-seven Dead Apostle Ancestors,Vinte-Sete Apóstolos Ancestrais da Morte,,Vampiros,Tsukihime Remake
氷河をまとう,Clad in Ice,Vestida em Geleiras,,Arcueid,Tsukihime Remake
数秘紋,Numeromancy,Gematria,,Sobrenatural,Tsukihime Remake
,Age of Gods,Era dos Deuses,A era em que deuses coexistiam com humanos e a atmosfera era repleta de energia mágica e de Mistérios.,Geral,FGO
,Age of Humans,Era dos Humanos,"A era que sucede a dos Deuses. Os humanos agora vivem por conta própria, sem a influência divina.",Geral,FGO
,Atlas Institute,Instituto Atlas,"Uma das ramificações da Associação dos Magos. Um templo subterrâneo repleto de alquimistas geniais e armas perigosas. Também conhecido como ""Fenda do Titã"" e ""Academia Atlas.""",Geral,FGO
,Bounded Field,Campo Limitado,É um tipo de magia que cria uma barreira em uma área específica.,Geral,FGO
,Central Command Room,Sala de Controle Central,A Sala de Controle de Chaldea.,Geral,FGO
,Chaldea Security Organization,Organização de Segurança Chaldea,A organização responsável por proteger o futuro da humanidade dos perigos observados pelas Lentes Sheba.,Geral,FGO
,Clock Tower,Torre do Relógio,"Uma das ramificações da Associação dos Magos, e sua sede. É dividida em doze Departamentos focados em tipos específicos de magia.",Geral,FGO
,Command Spell(s),Selo(s) de Comando,As marcas concedidas pelo Graal aos Mestres em uma Guerra do Santo Graal. São utilizadas para forçar Servos a obedecerem comandos.,Geral,FGO
,Counter Force,Força de Contenção,"O mecanismo inato do planeta para proteção da humanidade, invocando Espíritos Heroicos e Guardiões da Counter Force.",Geral,FGO
,Crown Prince,Príncipe Herdeiro,O título de Nezha.,Geral,FGO
,Dead Apostle,Apóstolo Morto,Um humano que se tornou um vampiro por meio de outro vampiro ou por magia.,Geral,FGO
,Demi-Servant,Semi-Servo,Um humano que adquiriu o Saint Graph de um Espírito Heroico.,Geral,FGO
,Demon God,Demônio de Salomão,"Os 72 demônios que o Rei Salomão teria evocado e confinado num vaso de bronze, a fim de comandá-los.",Geral,FGO
,Demon God Pillar,Grande Pilar Demoníaco,Outro nome para os 72 Demônios de Salomão.,Geral,FGO
,Demonic Beast,Besta Demoníaca,,Geral,FGO
,Divided Spirits,Espíritos Derivados,"Divindades que são conhecidas por nomes e histórias diferentes em mitologias diferentes, mas são o mesmo ser. (Exemplo: Indra e Gozu Tennou)",Geral,FGO
,Divine Construct,Construto Divino,Uma arma ou armadura forjada por deuses.,Geral,FGO
,Divine Spirit,Espírito Divino,Um espírito num nível próximo de um deus.,Geral,FGO
,Ether Body,Corpo Etéreo,,Geral,FGO
,Foundation of Humanity,Fundação da Humanidade,A ordem de relevância de um acontecimento para a história humana.,Geral,FGO
,"Global Enviroment Model, Chaldeas","Maquete do Ambiente Global, Chaldeas","A maquete que replica a condição atual do planeta com a assistência das Lentes Sheba, podendo observar também até 100 anos no futuro.",Geral,FGO
,Greater Grail,Graal Maior,O corpo real do Graal realizador de desejos.,Geral,FGO
,Heroic Spirit,Espírito Heroico,"Uma figura, histórica ou fictícia, marcada na história pelos seus grandes feitos.",Geral,FGO
,High Servant,Servo Composto,Um Servo anômalo composto por fragmentos de diferentes divindades e Espíritos Heroicos.,Geral,FGO
,Holy Church,Santa Igreja,"A Igreja que lida com diversos assuntos do mundo mágico, além de supervisionar as Guerras do Santo Graal.",Geral,FGO
,Holy Grail,Santo Graal,O Santo Graal realizador de desejos.,Geral,FGO
,Homunculus(li),Homúnculo(s),Seres artificiais criados com altos níveis de circuitos mágicos de alta qualidade.,Geral,FGO
,Irelands Child of Light,Filho da Luz da Irlanda,Título do Cú Chulainn.,Geral,FGO
,King of Heroes,Rei dos Heróis,Título do Gilgamesh.,Geral,FGO
,King of Knights,Rei dos Cavaleiros,Título da Arthuria Pendragon e do Arthur Pendragon.,Geral,FGO
,Klein Coffins,Cápsulas Klein,As Cápsulas utilizadas para o processo de transformação de matéria em Spiritrons para o Rayshift.,Geral,FGO
,Lesser Grail,Graal Menor,"O recipiente que se assemelha a um Graal, um receptáculo ligado ao Graal Maior.",Geral,FGO
,Leyline,Linha ley,Locais do planeta com grandes quantias de fluxo de energia mágica.,Geral,FGO
,Magecraft,Magia,"Os métodos humanos de recriar Mistérios, executando feitiços normalmente vistos como sobrenaturais.",Geral,FGO
,Mages Association,Associação dos Magos,A instituição que rege as regras da sociedade dos magos.,Geral,FGO
,Magic Circuit(s),Circuito(s) Mágico(s),"Uma parte do sistema nervoso por onde flui energia mágica no corpo de um mago. Quanto mais circuitos mágicos de boa qualidade, melhor é o mago.",Geral,FGO
,Magic Crest,Brasão Mágico,"O brasão composto por circuitos mágicos de geração em geração numa linhagem de magos, e que guarda informações sobre os feitiços masterizados pela mesma.",Geral,FGO
,Marble Phantasm,Projeção de Fantasia,,Geral,FGO
,Memory Partition,Repartição de Memória,Uma técnica dos alquimistas do Instituto Atlas que os permite repartir suas funções cerebrais e otimizar seu desempenho.,Geral,FGO
,Mystic Code,Artefato Místico,"São aparatos mágicos com o objetivo de aprimorar feitiços do mago usuário, executar feitiços próprios, ou auxiliar o mago de formas específicas.",Geral,FGO
,Mystic Eyes,Olhos Místicos,Olhos altamente cobiçados que possuem habilidades mágicas excepcionais.,Geral,FGO
,Mystic Eyes of Clear Vision,Olhos Místicos da Clarividência,"Olhos Místicos que permitem que o portador observe além do alcance. Alguns são capazes de rever o passado, de observar todo o presente, ou até de prever o futuro.",Geral,FGO
,Mystic Eyes of Death Perception,Olhos Místicos de Percepção da Morte,"Olhos Mísitcos que permitem que o portador observe as ""linhas de morte"" de um objeto ou ser vivo, podendo assim cortá-las e acabar com sua ""vida.""",Geral,FGO
,Mystics,Mistérios,Tudo aquilo que é sobrenatural ou de origem divina. A queda da Era dos Deuses e o advento da tecnologia diminuíram consideravelmente suas forças e quantiadades.,Geral,FGO
,"Near-Future Observation Lens, Sheba","Lentes de Observação do Futuro Próximo, Sheba","Um mecanismo que permite a observação detalhada de eventos do presente, podendo também observar o passado e o futuro com menor precisão e estabilidade.",Geral,FGO
,Noble Phantasm,Fantasma Nobre,A sublimação da lenda de um Espírito Heroico em um artefato ou arma. A marca registrada de um Herói.,Geral,FGO
,Phantasmal Species,Espécies Fantasmais,Todas as espécies sobrenaturais do mundo.,Geral,FGO
,Reality Marble,Projeção de Realidade,"O tipo de Campo Limitado mais poderoso, onde o usuário projeta seu mundo interno sobre o mundo externo, temporariamente reescrevendo a textura do mundo.",Geral,FGO
,Recovery Pod,Cápsula de Recuperação,,Geral,FGO
,Saint Graph/Spirit Origin,Origem Espiritual,É a fundação da formação do corpo de um Servo.,Geral,FGO
,Santa Servant,Servo Noel,Um Servo afetado pela febre do Natal.,Geral,FGO
,Shadow Servant,Servo Sombrio,"Um Servo incompleto, degradado, ou falso.",Geral,FGO
,Singularity,Singularidade,Alterações do espaço-tempo que podem causar mudanças na história humana se não forem corrigidas pela equipe da Chaldea.,Geral,FGO
,Spirit Core/Spiritual Core,Núcleo Espiritual,"O núcleo da existência de um Servo. Contanto que ele esteja intacto, o Servo continuará vivo.",Geral,FGO
,"Spiritron Calculation Engine, Trismegistus","Mecanismo de Cálculos de Spiritron, Trismegistus","Um supercomputador dado à Chaldea pelo Instituto Atlas. Por meio de cálculos mágicos, ele pode provar a existência de um Mestre independente de que momento na história ele existiu ou existirá.",Geral,FGO
,Stamina,Vigor,,Geral,FGO
,Stray Servant,Servo Errante,Um Servo invocado pelo Graal sem possuir um Mestre.,Geral,FGO
,Team A,Equipe A,"Os sete magos mais capacitados contratados por Marisbury em Chaldea. Após a explosão da Sala de Controle, eles são colocados em Cápsulas para que seus corpos sejam preservados.",Geral,FGO
,True Ancestor(s),Ancestral(is) Original(is),"Vampiros naturais, criados pela própria natureza. Os vampiros originais.",Geral,FGO
,True Magic,Magia Verdadeira,"São os feitiços Classeificados como ""milagres"" e ""impossíveis"". Sua existência é um perigo aos olhos da Counter Force. Existem apenas cinco, por enquanto.",Geral,FGO
,True Name,Nome Verdadeiro,O Nome Verdadeiro de um Servo.,Geral,FGO
,Twelve Lords,Doze Lordes,Os líderes dos doze departamentos da Torre do Relógio.,Geral,FGO
,Ultimate One,Ser Supremo,O representante do planeta em termos de força e habilidade. O ser mais forte.,Geral,FGO
,Wandering Sea,Mar Errante,"Uma das ramificações da Associação dos Magos. Seus magos preferem se isolar do mundo moderno. Também conhecido como ""Baldanders.""",Geral,FGO
,Earth,Terra,Heróis de mitos e lendas fantasiosos.,Atributos,FGO
,Heaven,Céus,Heróis que possuem grande nível de divindade.,Atributos,FGO
,Man,Humano,Heróis de natureza comum que conquistaram grandes feitos.,Atributos,FGO
,Star,Estrela,Heróis que mudaram o curso da história da humanidade.,Atributos,FGO
,Chimera,Quimera,(termo feminino),Bestiário,FGO
,D'yavol tron,D'yavol tron,(termo feminino),Bestiário,FGO
,Helter Skelter,Helter Skelter,(termo masculino),Bestiário,FGO
,Kali,Kali,(termo masculino),Bestiário,FGO
,Lamia,Lamia,(termo feminino),Bestiário,FGO
,Wyvern,Wyvern,(termo masculino),Bestiário,FGO
,Amalgam Goad,Amálgama de Incitações,,Habilidade,FGO
,Authority,Autoridade,"O poder, normalmente divino, de controle sobre um aspecto natural ou fabricado.",Habilidade,FGO
,Avenger,Avenger (passiva da Classee),A capacidade de acumular e atrair ódio e ressentimento de um Avenger cristalizada em uma habilidade.,Habilidade,FGO
,Bunker Bolt,Bunker Bolt,,Habilidade,FGO
,Cosmo Reactor,Reator de Cosmos,"Um reator cósmico permitido apenas à Saber brilhante. O reator reage a diversas coisas, como o enredo, por exemplo.",Habilidade,FGO
,Divinity,Divindade,O sangue divino pertencente aos deuses e que corre nas veias de seus descendentes.,Habilidade,FGO
,Entity of the Outer Realm,Entidade do Domínio Exterior,"A demonstração da ligação de um Servo com forças de um outro cosmos, ou então da sua origem alienígena.",Habilidade,FGO
,Fae Eyes,Olhos de Fada,Os olhos feéricos capazes de discernir a verdade da mentira. As fadas da atualidade já não nascem mais com tal poder.,Habilidade,FGO
,Goddess' Essence (Core of the Goddess),Essência da Deusa,O status de alguém que já nasceu sendo uma deusa perfeita. A essência de uma deusa verdadeira.,Habilidade,FGO
,Heavenly Eye,Olho Celestial,"Olhos que determinam que o portador ""alcançará seu objetivo.""",Habilidade,FGO
,High-Speed Divine Words,Palavras Divinas em Alta Velocidade,"A habilidade de recitar encantamentos em alta velocidade, normalmente com o uso de palavras da Era dos Deuses.",Habilidade,FGO
,Independent Action,Ação Independente,A habilidade de agir independentemente por um período de tempo mesmo depois de ter o vínculo ao seu Mestre cortado.,Habilidade,FGO
,Independent Manifestation,Manifestação Independente,"A confirmação da própria existência sem a necessidade de um eixo, como um Mestre. É uma habilidade exclusiva das Beasts, mas existem exceções.",Habilidade,FGO
,Independent Navigation,Navegação Independente,"Uma habilidade equivalente à Ação Independente, mas para a Classee Voyager.",Habilidade,FGO
,Innocent Monster,Monstro Inocente,"A cristalização de contos e boatos monstruosos que mancharam a história do Servo, como um rei que acaba com a fama de ser um vampiro por rumores e mentiras.",Habilidade,FGO
,Item Construction,Criação de Itens,A habilidade de criar itens com o mero uso de magia.,Habilidade,FGO
,Mad(ness) Enhancement,Aprimoramento por Loucura,O aumento de todos os parametros ofensivos de um Servo às custas de sua sanidade.,Habilidade,FGO
,Magic Resistance,Resistência Mágica,A capacidade de resistir a encantamentos e magias de níveis menores.,Habilidade,FGO
,Mana Burst,Explosão de Mana,"Uma explosão da energia mágica que cobre o corpo ou a arma do Servo, a fim de aumentar exponencialmente seu poder por um curto período de tempo.",Habilidade,FGO
,Mind's Eye (False),Olho da Mente (Falso),"A capacidade de prever os movimentos do seu adversário. A versão ""falsa"" é derivada de uma precognição natural e inerente da própria pessoa.",Habilidade,FGO
,Mind's Eye (True),Olho da Mente (Verdadeiro),"A capacidade de prever os movimentos do seu adversário. A versão ""verdadeira"" se conquista após anos de treinamento e disciplina.",Habilidade,FGO
,Natural Body,Corpo Natural,"Aqueles que possuem um ""corpo perfeito"" desde o nascimento são capazes de aumentar sua força física temporariamente.",Habilidade,FGO
,Nega Desire,Negação de Desejos,,Habilidade,FGO
,Nega Genesis,Negação da Gênese,,Habilidade,FGO
,Nega Saver,Negação da Salvação,,Habilidade,FGO
,Nega Self,Negação da Individualidade,,Habilidade,FGO
,Nega Summon,Negação de Invocação,,Habilidade,FGO
,Nega Weapon,Negação de Armas,,Habilidade,FGO
,Oblivion Correction,Correção do Oblívio,"As pessoas podem esquecer, mas os Avengers nunca se esquecem. Eles atacam os pontos fracos que seus oponentes esqueceram para infligir dano crítico.",Habilidade,FGO
,Obscurant Wall of Chalk,Muralha Obscura de Calcário,"O aliado-alvo se torna invulnerável a ataques. Em níveis mais altos, ataques passam através do alvo, como se ele estivesse fora do eixo do tempo-espaço.",Habilidade,FGO
,Pioneer of the Stars,Pioneiro das Estrelas,"A habilidade daqueles que, enquanto vivos, mudaram o rumo da história humana. A habilidade de tornar o impossível possível.",Habilidade,FGO
,Presence Concealment,Ocultação de Presença,"A habilidade de se esgueirar sem ser notado, quase imperceptível e indetectável. O nível cai enquanto o Servo prepara um ataque.",Habilidade,FGO
,Riding,Equitação,"A habilidade que demonstra a capacidade de conduzir montarias, de cavalos básicos a Bestas Divinas.",Habilidade,FGO
,Self-Replenishment (Magic),Auto-Reabastecimento (Magia),A energia mágica de um Avenger nunca se esvairá enquanto sua vingança não for concluída.,Habilidade,FGO
,Shapeshift,Metamorfo/Metamorfose,,Habilidade,FGO
,Shield of RouSing Resolution,Escudo da Resolução Encorajadora,Uma habilidade para atrair a atenção dos inimigos corajosamente para manter seus aliados em segurança.,Habilidade,FGO
,Stargazer's Journey,Jornada da Observadora de Estrelas,,Habilidade,FGO
,Succeed Phantasm: Possession Inheritance,Fantasma Sucessor: Herança de Possesão,A habilidade de um Semi-Servo herdar uma habilidade do Servo original e usá-la como se fosse sua.,Habilidade,FGO
,Territory Creation,Criação de Território,"A habilidade de modelar o território ao seu redor, favorecendo o conjurador. O modo de manusear o local varia bastante de Servo para Servo.",Habilidade,FGO
,Territory Defense,Defesa de Território,"O poder de defender o território aliado. Quanto maior o nível, maior o tamanho da área protegida.",Habilidade,FGO
,Transient Wall of Snowflakes,Muralha Transitória de Flocos de Neve,"Uma habilidade de defesa para os aliados. Quanto maior a força de vontade do Servo, maior a força defensiva desta habilidade.",Habilidade,FGO
,Alter-Ego,Alter-Ego,Aquele que não é. A outra faceta de um grande nome. (Os nomes das Classees permanecem em inglês),Classe,FGO
,Archer,Archer,O cavaleiro do arco. Aquele que ataca à distância e age com astúcia. (Os nomes das Classees permanecem em inglês),Classe,FGO
,AssasSin,AssasSin,"A definição da palavra ""assasSino."" Aquele que sabota, ataca, e mata pelas sombras. (Os nomes das Classees permanecem em inglês)",Classe,FGO
,Avenger,Avenger,O eterno vingador. A amálgama de ódio e ressentimento em forma de Classee. (Os nomes das Classees permanecem em inglês),Classe,FGO
,Beast,Beast,Os Males da Humanidade. Os seres de amor que a Humanidade está fadada a enfrentar e derrotar. (Os nomes das Classees permanecem em inglês),Classe,FGO
,Berserker,Berserker,O guerreiro da brutalidade. Aquele que trocou sua sanidade por poder. (Os nomes das Classees permanecem em inglês),Classe,FGO
,Caster,Caster,O conjurador de feitiços. Aquele que usa e abusa de cânticos para canalizar magias antigas. (Os nomes das Classees permanecem em inglês),Classe,FGO
,Foreigner,Foreigner,"A Classee com ligações aos Deuses Exteriores, ou com ligação intrínseca com o cosmos além do nosso universo. (Os nomes das Classees permanecem em inglês)",Classe,FGO
,Lancer,Lancer,O cavaleiro da lança. O mestre do combate corpo a corpo com instrumentos longos e velozes. (Os nomes das Classees permanecem em inglês),Classe,FGO
,Moon Cancer,Moon Cancer,O defeito da Lua. Aquele que infecta o supercomputador lunar. (Os nomes das Classees permanecem em inglês),Classe,FGO
,Pretender,Pretender,A mancha na história. Aquele que assume um nome que não lhe pertence. (Os nomes das Classees permanecem em inglês),Classe,FGO
,Rider,Rider,"O herói da cavalaria que, em sua montaria, desbrava os campos de batalha. (Os nomes das Classees permanecem em inglês)",Classe,FGO
,Ruler,Ruler,"O santo, o mártir, o líder absoluto. Aquele que supervisiona a Guerra do Santo Graal. (Os nomes das Classees permanecem em inglês)",Classe,FGO
,Saber,Saber,O cavaleiro da espada que brande sua arma com assertividade e determinação. (Os nomes das Classees permanecem em inglês),Classe,FGO
,Shielder,Shielder,"O defensor. Aquele que se dedica a defender, mesmo que custe tudo de si. (Os nomes das Classees permanecem em inglês)",Classe,FGO
,Nergal's Malice,Rancor de Nergal,Os sentimentos reminiscentes de Nergal no submundo.,Eventos,FGO
,Heroic Spirit Summoning System FATE,"Sistema ""FATE"" de Invocação de Espíritos Heroicos",O sistema empregado por Chaldea para conduzir invocações de Servos.,Fuyuki,FGO
,Master Candidate #48,Candidato(a) a Mestre N° 48,"Você, o jogador. O último dos candidatos a se inscrever para a vaga.",Fuyuki,FGO
,Phenomenon Recording Cyber Daemon Laplace,"Serviço Cibernético de Observação, Laplace",O sistema que guarda todos os dados observados do passado pelas Lentes Sheba.,Fuyuki,FGO
,Dragon Witch,Bruxa dos Dragões,Título da Jeanne d'Arc que comanda os dragões na primeira Singularidade.,Orleans,FGO
,Spiritron Shell,Carcaça de Spiritron,"A camada exterior de um Servo, seu cadáver",Orleans,FGO
,Flying Geral,Geral Voador,Título do Lu Bu Fengxian.,Septem,FGO
,Holy Ancestor,Progenitor Divino,"O título do Romulus, como o progenitor da dinastia romana.",Septem,FGO
,Scourge of God,Chicote de Deus,O título da Altera.,Septem,FGO
,Age of Exploration,Era das Grandes Navegações,A era da Expansão Marítima dos séculos XV e XVI.,Okeanos,FGO
,Ark,Arca,O Fantasma Nobre do David. A Arca da Aliança descrita na Bíblia como a guardadora das tábuas dos Dez Mandamentos.,Okeanos,FGO
,Automata,Autômato,Um manequim animado.,London,FGO
,Project Demonic Fog,Projeto Névoa Demoníaca,"O projeto que visa destruir a cidade de Londres, e então toda a Inglaterra.",London,FGO
,Treacherous Knight,Cavaleiro da Traição,O título da Mordred por trair Camelot nas lendas.,London,FGO
,Hero of Benefaction,Herói da Caridade,Título do Karna por ser extremamente caridoso nas lendas.,America,FGO
,Hero of Endowed,Herói Agraciado,Título do Arjuna por receber diversas bênçãos nas lendas.,America,FGO
,Land of Shadows,Terra das Sombras,"Um reino que foi separado do Mundo, e atualmente se encontra no Lado Inverso do Mundo, sendo repleto de morte.",America,FGO
,Mad King,Rei Insano,Título do Cú Chulainn (Alter) durante a Singularidade.,America,FGO
,No Face May King,Rei Sem Face,O Fantasma Nobre do Robin Hood que o concede camuflagem.,America,FGO
,Presi-king,Presi-rei,Título do Edison durante a Singularidade.,America,FGO
,Enforcement Knight,Cavaleiro Executor,,Camelot,FGO
,First Hassan,Primeiro Hassan,O fundador da seita assasSina. O primeiro Hassan-i Sabbah.,Camelot,FGO
,Gift,Dádiva,Bênçãos da Deusa Rhongomyniad,Camelot,FGO
,Goddess Rhongomyniad,Deusa Rhongomyniad,"A Arthuria cujo espírito continuou preso a Camelot e ascendeu à divindade graças ao poder da Lança Sagrada, Rhongomyniad, perdendo toda sua essência humana.",Camelot,FGO
,Hassan of Serenity,Hassan da Serenidade,,Camelot,FGO
,Hassan of the Cursed Arm,Hassan do Braço Amaldiçoado,,Camelot,FGO
,Hassan of the Hundred Faces,Hassan das Cem Personas,,Camelot,FGO
,Hassan of the Intoxicating Smoke,Hassan da Fumaça Intoxicante,,Camelot,FGO
,Hassan of the Peeling Shadows,Hassan das Sombras Descascadas,,Camelot,FGO
,Hassan of the Trembling Pipe,Hassan do Cachimbo Trêmulo,,Camelot,FGO
,Holy City,Cidade Sagrada,A nova Camelot.,Camelot,FGO
,Holy Land,Terra Santa,"A Terra Prometida, Jerusalém.",Camelot,FGO
,Holy Selection,Seleção Sagrada,O ato de seleção dos dignos a se tornarem moradores de Camelot.,Camelot,FGO
,Knights of the Round Table,Cavaleiros da Távola Redonda,Os companheiros de guerra do Rei Arthur.,Camelot,FGO
,Lion King,Rei Leão,O título da Deusa Rhongomyniad durante a Singularidade.,Camelot,FGO
,Old Man of the Mountain,Velho da Montanha,"O título dado ao Hassan-i Sabbah de cada geração, aquele que lidera a Ordem dos AssasSinos.",Camelot,FGO
,Raider Knight,Cavaleiro Expedicionário,O título do Lancelot durante a Singularidade.,Camelot,FGO
,Sacred Lance/Spear,Lança Sagrada,"Rhongomyniad, a Lança Sagrada.",Camelot,FGO
,Sun King,Rei Sol,O título do Ozymandias.,Camelot,FGO
,The Shining Arm,O Braço Cintilante,O braço do Bedivere.,Camelot,FGO
,The Tower at the Ends of the World,A Torre nos Confins do Mundo,"A torre que reside no Lado Inverso do Mundo, mantendo ambas as texturas do mundo intactas e separadas. A verdadeira Rhongomyniad.",Camelot,FGO
,Titan's Pit,Fenda do Titã,Um dos nomes do Instituto Atlas.,Camelot,FGO
,Absolute Demonic Front,Fronte Demoníaco Absoluto,O fronte de Uruk que batalha contras as Bestas Demoníacas.,Babylonia,FGO
,Chains of the Heavens,Corrente dos Céus,"O título de Enkidu, devido à sua forma de corrente divina.",Babylonia,FGO
,Chaos Tide,Maré do Caos,A maré criada pela Tiamat capaz de corromper seres vivos e Servos.,Babylonia,FGO
,Evil(s) of Humanity,Mal(es) da Humanidade,"As Beasts, criaturas que a humanidade está destinada a enfrentar e superar.",Babylonia,FGO
,Grand Servant,Servo Grand,Um Servo invocado pela Counter Force para previnir a extinção da humanidade pelas mãos de uma Beast.,Babylonia,FGO
,Northern Wall,Muralha do Norte,A muralha da porção norte da cidade de Uruk.,Babylonia,FGO
,Sacred Temple,Templo Sagrado,O templo de Uruk.,Babylonia,FGO
,The Fangs of Napishtim,As Presas de Napishtim,A barreira empregada pelo Gilgamesh para impedir o avanço da Maré do Caos.,Babylonia,FGO
,Three Goddess Alliance,Aliança das Três Deusas,A aliança formada pelas três deusas a fim de destruir Uruk e a humanidade.,Babylonia,FGO
,Wedge of the Heavens,Eixo dos Céus,O título atribuído ao Gilgamesh por desejar o rompimento da dependência humana com os deuses.,Babylonia,FGO
,"Amon, the Gazing Star","Amon, a Estrela Observadora",,Solomon,FGO
,"Andromalius, the Trash Heap","Andromalius, o Monte de Lixo",,Solomon,FGO
,"Barbatos, the Control Tower","Barbatos, a Torre de Controle",,Solomon,FGO
,"Flauros, the Information Center","Flauros, o Centro de Informações",,Solomon,FGO
,"Forneus, the Observatory","Forneus, o Observatório",,Solomon,FGO
,"Halphas, the Armory","Halphas, o Arsenal",,Solomon,FGO
,"Naberius, the Melting Furnace","Naberius, a Fornalha de Fundição",,Solomon,FGO
,"Sabnock, the Chamber of Life","Sabnock, a Câmara da Vida",,Solomon,FGO
,Temple of Time,Templo do Tempo,,Solomon,FGO
,Hornet,Vespa,,Shinjuku,FGO
,Ice Bitch Queen,Rainha Piranha (de Gelo),"Apelido ""carinhoso"" colocado na Salter pela Jalter.",Shinjuku,FGO
,King Lear,Rei Lear,Personagem dos livros de Shakespeare.,Shinjuku,FGO
,League of Phantom Fiends,Liga dos Fantasmas Diabólicos,A aliança dos Servos malignos criada na Singularidade de Shinjuku.,Shinjuku,FGO
,Napoleon of Crime,Napoleão do Crime,Um dos títulos de James Moriarty.,Shinjuku,FGO
,Phantom Spirits,Espíritos Fantasmas,"Os Espíritos que não chegam a se tornar Heroicos, mas aparecem em Shinjuku devido à natureza da Singularidade.",Shinjuku,FGO
,Ruffian,Malfeitor,,Shinjuku,FGO
,Vile King,Rei Vil,"O título de Vortigern, também citado na conjuração de Excalibur Morgan.",Shinjuku,FGO
,Nightless City,Cidade Inquieta,,Agartha,FGO
,Red Branch,Ramo Vermelho,Outro nome para o Ciclo de Ulster (Ciclo do Ramo Vermelho).,Agartha,FGO
,Rider of Resistance,Rider da Resistência,Spoiler de Agartha: Título de Columbus antes da Revelação do Nome Verdadeiro.,Agartha,FGO
,(Twelve) Paladins of Charlemagne,Os (Doze) Paladinos de Carlos Magno,Os leais aliados do rei Carlos Magno.,Agartha,FGO
,Archer of Inferno,Archer do Inferno,Nome Amaldiçoado de Tomoe Gozen no Capítulo de Shimosa.,Shimosa,FGO
,AssasSin of Paraíso,AssasSin do Paraíso,Nome Amaldiçoado de Mochizuki Chiyome no Capítulo de Shimosa.,Shimosa,FGO
,Berserker of Saṃghāta Hell,Berserker do Saṃghāta,Nome Amaldiçoado de Shuten-Douji no Capítulo de Shimosa.,Shimosa,FGO
,Book of Five Rings,Livro dos Cinco Anéis,Livro escrito por Miyamoto Musashi sobre a guerra de um modo geral e reflexões filosóficas que teve durante sua vida.,Shimosa,FGO
,Caster of Limbo,Caster do Limbo,Nome Amaldiçoado de Ashiya Douman no Capítulo de Shimosa.,Shimosa,FGO
,Curse of Annihilation,Praga da Aniquilação,,Shimosa,FGO
,Heroic Spirit Swordmasters,Espíritos Heroicos Espadachins,Grupo de sete Servos sob comando de Amakusa Shirou durante a Singularidade de Shimosa.,Shimosa,FGO
,Lancer of Purgatorio,Lancer do Purgatório,Nome Amaldiçoado de Houzouin Inshun no Capítulo de Shimosa.,Shimosa,FGO
,Rider of Kālasūtra Hell,Rider do Kālasūtra,Nome Amaldiçoado de Minamoto-no-Raikou no Capítulo de Shimosa.,Shimosa,FGO
,Saber of Empireo,Saber do Empíreo,Nome Amaldiçoado de Yagyu Tajima-no-Kami Munenori no Capítulo de Shimosa.,Shimosa,FGO
,Ghoul,Carniçal,,Salem,FGO
,Mist,Névoa,,Salem,FGO
,Outer God,Deus Exterior,"Deuses de fora do nosso universo que tentam se infiltrar com intermediadores, como os Foreigners. Histórias sobre eles foram descritas por Lovecraft.",Salem,FGO
,Ringmaster,Mestre de Cerimônias,,Salem,FGO
,Salem,Salém,,Salem,FGO
,Single Horned Rhinoceros King,Rei Rinoceronte de um Único Chifre,,Salem,FGO
,Witchfinder Geral,Geral Caçador de Bruxas,,Salem,FGO
,Edgemiya,Emoiya,Apelido que a Tamamo Cat dá ao EMIYA (Alter).,Seraph,FGO
,Five Approaches to Meditation,Cinco Passos Para Meditação,,Seraph,FGO
,Moon Holy Grail War,Guerra do Santo Graal Lunar,,Seraph,FGO
,Spiritron Virtual World: Serial Phantasm,Mundo Virtual de Spiritrons: Serial Phantasm ,,Seraph,FGO
,Acting Director,Diretor(a) Interino(a),"O cargo de diretor temporário enquanto um novo diretor oficial não é apontado pelo órgão vigente, as Nações Unidas.",Lostbelt Prólogue,FGO
,Adminstrative Advisor,Conselheiro Administrativo,"Cargo que o Diretor Goredolf dá ao Sherlock, como seu braço direito.",Lostbelt Prólogue,FGO
,Alien God/Foreign God,Deus Estrangeiro,O ser extraterrestre responsável pelos acontecimentos do Arco 2.,Lostbelt Prólogue,FGO
,"All-Terrain Void-Transporter, Shadow Border","Shadow Border, o Veículo Anfíbio, o Viajante do Vazio",O veículo que serve como base para os sobreviventes de Chaldea após os acontecimentos do Prólogo.,Lostbelt Prólogue,FGO
,Astromancy Department,Departamento de Astronomia,Departamento de Astronomia da Torre do Relógio.,Lostbelt Prólogue,FGO
,Bleached Earth,Terra Esbranquiçada,O estado atual da Terra após os acontecimentos do Prólogo.,Lostbelt Prólogue,FGO
,Botany Department,Departamento de Botânica,Departamento de Botânica da Torre do Relógio.,Lostbelt Prólogue,FGO
,Evocation Department,Departamento de Invocações,Departamento de Invocações da Torre do Relógio.,Lostbelt Prólogue,FGO
,Folklore Department,Departamento de Folclore,Departamento de Folclore da Torre do Relógio.,Lostbelt Prólogue,FGO
,Proper Human History,História Humana Apropriada,"O curso normal da humanidade, a história ""correta"" onde a humanidade segue próspera.",Lostbelt Prólogue,FGO
,Reality Space,Espaço Real,O lado do mundo em que habitamos. A realidade.,Lostbelt Prólogue,FGO
,Spirit Origin Graph,Diagrama de Origens Espirituais,A maleta criada pela Da Vinci que contém todos os dados sobre os Servos que invocamos durante o arco 1.,Lostbelt Prólogue,FGO
,Technical Advisor,Conselheira Técnica,"Cargo que o Diretor Goredolf dá à Da Vinci, como seu braço esquerdo.",Lostbelt Prólogue,FGO
,Void Space,Espaço Vazio,O espaço composto por números imaginários num tecido diferente da realidade.,Lostbelt Prólogue,FGO
,"Void-Reality Observation Device, Paper Moon","Aparelho de Observação do Vazio, Paper Moon",O aparelho que possibilita os Saltos Zero do Shadow Border.,Lostbelt Prólogue,FGO
,Zero Sail,Salto Zero,"O mecanismo empregado pelo Shadow Border para mergulhar no Espaço Vazio, possibilitando viagens pelo mesmo.",Lostbelt Prólogue,FGO
,Calydonian Boar,Javali Calidônio,"O javali que destruiu a região da Calidônia, que foi caçado por diversos heróis gregos na antiguidade, e que eventualmente foi derrotado por Atalante.",Anastasia,FGO
,Felling Theoretical Phenomenon,Fenômeno Teórico de Derrubada,O fenômeno de destruição da História Humana Apropriada liderado pelo Deus Estrangeiro.,Anastasia,FGO
,Foreign God Disciple(s),Discípulo(s) do Deus Estrangeiro,Os Servos AlterEgo invocados pelo Deus Estrangeiro para que pudessem orquestrar sua descida dos céus.,Anastasia,FGO
,Foreign Pristess,Sacerdotisa Estrangeira,A sacerdotisa misteriosa que parece ter conexões com o Deus Estrangeiro.,Anastasia,FGO
,Grand Duchess (of the Beast Nation),Grã-Duquesa (da Nação das Bestas),O título de Anastasia no Lostbelt.,Anastasia,FGO
,Ivan the Terrible,"Ivan, o Terrível",O Czar que governou a Rússia durante parte do Século XVI.,Anastasia,FGO
,Lostbelt King/Queen,Rei/Rainha do Lostbelt,O governante de um Lostbelt.,Anastasia,FGO
,Ortinax,Ortenaus,O exoesqueleto utilizado pela Mash para aumentar suas capacidades de batalha após os eventos de Solomon.,Anastasia,FGO
,Pruning Theoretical Phenomenon,Fenômeno Teórico de Poda,"O fenômeno que poda os ""ramos"" de linhas temporais onde a humanidade enfrenta um destino inviável.",Anastasia,FGO
,Sirius Light Command Spell,Selo de Comando da Luz de Sírius,"Os Selos de Comando especiais dados ao Time A por Marisbury no começo da Grand Order, cujo potencial verdadeiro só é conhecido pelo mesmo e por Kirschtaria Wodime.",Anastasia,FGO
,Storm Wall,Muralha de Tempestades,As tempestades que cercam os Lostbelts.,Anastasia,FGO
,Tree of Emptiness,Árvore do Vazio,A árvore colossal que possibilita a existência dos Lostbelts no mundo real.,Anastasia,FGO
,Tsar,Czar,O título dado aos monarcas russos.,Anastasia,FGO
,Envoys,Emissárias,O título dado às Valquírias pela Scáthach-Skadi.,Gotterdammerung,FGO
,Fiery King of Giants,Rei Flamejante dos Gigantes,O título de Surtr.,Gotterdammerung,FGO
,Ollerus Boards,Pranchas de Ollerus,As pranchas de esquiar do Ortenaus.,Gotterdammerung,FGO
,Ooh la la,Uh la lá,Frase que o Napoleão adora usar.,Gotterdammerung,FGO
,Poetic Edda,Edda em verso,Uma coleção de poemas em nórdico antigo sobre diversos heróis e contos.,Gotterdammerung,FGO
,Primordial Runes,Runas Primordiais,"Runas especiais criadas por Odin, o Pai de Todos.",Gotterdammerung,FGO
,Queen of Ice and Snow,Rainha do Gelo e da Neve,O título de Scáthach-Skadi.,Gotterdammerung,FGO
,Spiritron Hacker,Hacker de Spiritrons,Um mago capaz de utilizar magias que empregam Spiritrons como matéria-prima.,Gotterdammerung,FGO
,Valkyrie(s),Valquíria(s),"As filhas de Odin que conduziam bravos guerreiros mortos ao salão dos mortos, Valhalla.",Gotterdammerung,FGO
,Völsunga Saga,Saga dos Volsungos,"A saga lendária sobre o clã dos Volsungos, que inclui histórias sobre diversos heróis islandeses e nórdicos.",Gotterdammerung,FGO
,Child of Heaven,Criança Celestial,Título de Qin Shi Huang.,Sin,FGO
,Chronicle Theoretical Phenomenon,Fenômeno Teórico Crônico.,,Sin,FGO
,Memory Partition,Partição de Memória,"Habilidade da Sion de dividir sua memória e otimizar sua habilidade cognitiva, em conjunto da Aceleração de Pensamentos Paralelos.",Sin,FGO
,Most Glorious and Majestic Heavenly Emperor,Mais Glorioso e Majestoso Imperador Celestial ,Outro título de Qin Shi Huang.,Sin,FGO
,Parallel Thought Acceleration,Aceleração de Pensamentos Paralelos,"Habilidade da Sion de dividir sua memória e otimizar sua habilidade cognitiva, em conjunto da Partição de Memória.",Sin,FGO
,"Spiritron Calculation Engine, Trismegistus II","Mecanismo de Cálculo de Spiritrons, Trismegistus II",O novo supercomputador que Sion construiu para substituir o Trismegistus original.,Sin,FGO
,Type (Profissão),(Profissão) (Durante o LB3) / Nemo (Profissão) (Depois do LB4),Os vários clones que Nemo cria para operar em seu navio.,Sin,FGO
,Pillbox,Caixa de Pílulas,,Ooku,FGO
,God's Skyboulder,Rocha Divina,O cubo misterioso que reside ao sul do Lostbelt indiano. Os moradores o associam ao seu deus.,Yuga Kshetra,FGO
,Imaginary Aronnax Phantasm rigging,"Armação Imaginária, Aronnax Phantasm","A armação que, quando implementada ao Shadow Border, cria o Storm Border ao final do capítulo.",Yuga Kshetra,FGO
,Ocean of Milk,Oceano de Leite,"Kṣīra Sāgara, o oceano do néctar da vida eterna na mitologia hindu.",Yuga Kshetra,FGO
,Sacred Beasts,Bestas Sagradas,As bestas que dizem ser enviadas pelo deus do Lostbelt indiano para matar os Kalis nos yugas mais avançados.,Yuga Kshetra,FGO
,Void Cell,Célula Nula,Uma bateria criada pela Sion para prover energia ao ritual de invocação.,Yuga Kshetra,FGO
,Aphrodite,Afrodite,,Atlantis,FGO
,Apollo,Apolo,,Atlantis,FGO
,Athena,Atena,,Atlantis,FGO
,Atlas the World Tree,"Atlas, a Árvore do Mundo",O nome da Árvore do Vazio do LB5.,Atlantis,FGO
,Demeter,Deméter,,Atlantis,FGO
,Dionysius,Dionísio,,Atlantis,FGO
,Hecate,Hécate,,Atlantis,FGO
,Hephaestus,Hefesto,,Atlantis,FGO
,Persephone,Perséfone,,Atlantis,FGO
,Shooting Star Ortygia,Estrela Cadente Ortygia,Um laser destrutivo de Artemis.,Atlantis,FGO
,Xanthus,Xantos,,Atlantis,FGO
,Altartown,Praça do Altar,,Olympus,FGO
,Chaos,Caos,,Olympus,FGO
,Cronus,Cronos,,Olympus,FGO
,God Destroyer Alliance,Aliança Destruidora de Deuses,A aliança criada por alguns humanos do Olímpo e Servos da História Humana Apropriada para derrubar os deuses.,Olympus,FGO
,Grand Summon Article,Artefato de Grã-Invocação,,Olympus,FGO
,Great Orbital Shrine,Grande Templo Orbital,,Olympus,FGO
,"Holy Vessel Ring, Cronus Crown","Receptáculo Anelar Sagrado, Coroa de Cronos",,Olympus,FGO
,Machina Corridor,Corredor Machina,,Olympus,FGO
,Olympia Dodona,Dodona Olímpica,,Olympus,FGO
,Operation God Destroyer,Operação Destruidora de Deuses,A operação criada pela Aliança Destruidora de Deuses.,Olympus,FGO
,Paradox Effector,Efetor de Paradoxo,,Olympus,FGO
,Prometheus,Prometeu,,Olympus,FGO
,Seven Link Heroic Spirit Cannon,Canhão dos Sete Elos de Espíritos Heroicos,,Olympus,FGO
,Statuetown,Praça da(s) Estátua(s),,Olympus,FGO
,Stymphalides,Estínfalo,,Olympus,FGO
,Deathmatch Stage,Palco do Duelo Mortal,Duelos entre Servos realizados durante a Guerra Imperial do Santo Graal.,Heian Kyo,FGO
,Four Heavenly Kings,Quatro Guardiões Celestiais,Quatro dos mais notáveis retentores de Minamoto-no-Raikou.,Heian Kyo,FGO
,Imperial Holy Grail War,Guerra Imperial do Santo Graal,A Guerra do Santo Graal que ocorre durante os eventos de Heian Kyo.,Heian Kyo,FGO
,Minister of the Left,Ministro da Esquerda,"Cargo político que cuidava de todos os setores do Estado, juntamente com o Ministro da Direita.",Heian Kyo,FGO
,Naraka Mandala,Mandala de Naraka,Outro nome da Árvore do Vazio criada por Limbo durante a história de Heian Kyo.,Heian Kyo,FGO
,Naraka Mandala Skull Eboshi Ashiya Douman,Ashiya Douman do Eboshi Craniano e da Mandala de Naraka,"Título de Ashiya Douman após se fundir com sua Árvore do Vazio Artificial, a Mandala de Naraka.",Heian Kyo,FGO
,Onmyou Bureau,Agência Onmyou,,Heian Kyo,FGO
,Pseudo-Tree of Emptiness,Árvore do Vazio Artificial,Árvore do Vazio criada por Limbo durante a história de Heian Kyo.,Heian Kyo,FGO
,Skull Eboshi,Eboshi Craniano,Chapéu que o Limbo usa em sua última Ascensão.,Heian Kyo,FGO
,A Midsummer Night's Dream,Sonho de uma Noite de Verão,Livro de Shakespeare.,Avalon Le Fae,FGO
,Abyssal Worm,Inseto Abissal,"Uma das Calamidades que aparece durante o Lostbelt 6.
O inseto que desaparecerá com tudo e todos.",Avalon Le Fae,FGO
,Aesc the Savior,"Freixo, a Salvadora","Título de Freixo, a primeira Fada do Paraíso.",Avalon Le Fae,FGO
,Agravain the Enforcer,"Agravain, o Executor",Título do Cavaleiro da Távola Redonda Agravain.,Avalon Le Fae,FGO
,Autumn Woods of Wales,Bosque Outonal de Gales,"Um bosque na costa oeste da Bretanha,
local onde fadas que foram maltratadas e exiladas tomaram como lar.",Avalon Le Fae,FGO
,Bell of Pilgrimage,Sino da Peregrinação,Os Sinos protegidos pelos seis clãs da Bretanha Feérica.,Avalon Le Fae,FGO
,Black Dogs,Cães Negros,"Cães selvagens que perturbam a paz na Bretanha há séculos.
Barghest consegue domá-los com suas correntes.",Avalon Le Fae,FGO
,Britain,Bretanha,A Bretanha Feérica do Lostbelt 6. ,Avalon Le Fae,FGO
,Calamity of the Beast,Calamidade da Besta,"Uma das Calamidades que aparece durante o Lostbelt 6.
A maldição lançada pelo Rei dos Mors quando foi derrotado.",Avalon Le Fae,FGO
,Calamity of the Flame, Calamidade das Chamas,"Uma das Calamidades que aparece durante o Lostbelt 6.
A última remanescente da cova espiritual.",Avalon Le Fae,FGO
,Calamity Pool,Poça da Calamidade,"Uma das Calamidades que aparece durante o Lostbelt 6.
A poça que destruirá a cidade portuária.",Avalon Le Fae,FGO
,Child of Prophecy,Criança da Profecia,"A Fada do Paraíso que, segundo a profecia do clã do Espelho,
há de completar a Peregrinação e salvar a Bretanha Feérica.",Avalon Le Fae,FGO
,Clever Kay,"Kay, o Hábil",Título do Cavaleiro da Távola Redonda Kay.,Avalon Le Fae,FGO
,Cnoc na Riabh,Cnoc na Riabh,"A segunda líder do Clã do Rei.
Uma fada estranhamente familiar.",Avalon Le Fae,FGO
,Cornwall,Cornualha,"É um condado ao sudoeste da Inglaterra.
Aqui, é um vilarejo isolado do resto da Bretanha pelo Bosque Sem Nome.",Avalon Le Fae,FGO
,Earnest Gaheris,"Gaheris, o Convicto",Título do Cavaleiro da Távola Redonda Gaheris.,Avalon Le Fae,FGO
,Earth Clan,Clã da Terra,"Um dos seis clãs da Bretanha Feérica.
Composto majoritariamente por fadas de porte robusto.",Avalon Le Fae,FGO
,Ector the Immortal,"Ector, o Imortal","Um dos companheiros de Freixo, a Salvadora.
Um cavaleiro pragmático e bondoso.",Avalon Le Fae,FGO
,Edinburgh,Edimburgo,"A capital da Escócia. Aqui, é a cidade que o clã do Rei construiu ao norte.",Avalon Le Fae,FGO
,Enshrined Deity,Deidade Consagrada,O título de um ser que outrora fez parte da mitologia da Bretanha Feérica.,Avalon Le Fae,FGO
,Fae,Feérico,(Adjetivo) Aquilo que é das fadas.,Avalon Le Fae,FGO
,Fae / Faerie,Fada,"Fadas são Espíritos da Natureza, tal qual elementais e demônios.
São inocentes e puras no sentido literal, e fazem o que querem quando querem.",Avalon Le Fae,FGO
,Fae Eyes,Olhos de Fada,"Uma habilidade que permite às fadas observar e distinguir as verdadeiras
intenções por trás das palavras e ações de outros seres vivos.",Avalon Le Fae,FGO
,Faerie King Oberon,"Oberon, o Rei das Fadas",Título de Oberon.,Avalon Le Fae,FGO
,Faerie of Paradise,Fada do Paraíso,"A fada enviada pela própria Avalon que, segundo a profecia do clã do Espelho,
há de completar a Peregrinação e salvar a Bretanha Feérica.",Avalon Le Fae,FGO
,Fang Clan,Clã da Presa,"Um dos seis clãs da Bretanha Feérica.
Composto majoritariamente por fadas guerreiras, resistentes e ferozes.",Avalon Le Fae,FGO
,Galahad the Revelation,"Galahad, a Revelação",Título do Cavaleiro da Távola Redonda Galahad.,Avalon Le Fae,FGO
,Garden of Lost Will,Jardim do Ímpeto Perdido,"Um feitiço que prende o alvo em visões distorcidas do seu passado,
com o objetivo de drenar todo o seu ímpeto de viver.",Avalon Le Fae,FGO
,"Grand Duke ""Waste Heat""",Grão-Duque do Calor Residual,"Título de Wryneck e de Woodwose, o seu sucessor.
Como A-ray, o Calor Residual incita a forma que o mundo libera sua energia.",Avalon Le Fae,FGO
,Grímr the Wise,"Grímr, o Sábio","Um dos companheiros de Freixo, a Salvadora.
Um mago jovem, sagaz, e misterioso.",Avalon Le Fae,FGO
,Habetrot the Spinner,"Habetrot, a Fiandeira",Título de Habetrot.,Avalon Le Fae,FGO
,Habbycat,Habemiau,Apelido de Habetrot.,Avalon Le Fae,FGO
,High Queen,Alta Rainha,"Título da rainha da Bretanha Feérica, Morgan.",Avalon Le Fae,FGO
,Inner Sea of the Planet,Mar Interior do Planeta,"Um dos muitos nomes do núcleo do planeta.
Avalon, Tír na nÓg, o Paraíso... Todos se referem ao Mar Interior do Planeta.",Avalon Le Fae,FGO
,Kindhearted Gareth,"Gareth, a Bondosa",Título da Cavaleira da Távola Redonda Gareth.,Avalon Le Fae,FGO
,King Clan,Clã do Rei,"Um dos seis clãs da Bretanha Feérica.
Composto das fadas oriundas do norte e que juraram lealdade à Cnoc na Riabh.",Avalon Le Fae,FGO
,Knocker Company: Surprise and Security,"Companhia Knocker: ""Surpresa e Segurança""",Uma marca de roupas no mundo das fadas e o seu slogan.,Avalon Le Fae,FGO
,Land of the Young Tír na nÓg,"Tír na nÓg, a Terra da Eterna Juventude","Um dos muitos nomes do núcleo do planeta.
Avalon, Tír na nÓg, o Paraíso... Todos se referem ao Mar Interior do Planeta.",Avalon Le Fae,FGO
,Londinium ,Londínio,"Uma cidade fundada por romanos no século I. A atual Londres.
Aqui, é uma cidade fantasma que foi abandonada após um desastre.",Avalon Le Fae,FGO
,Loyal Bedivere,"Bedivere, o Leal",Título do Cavaleiro da Távola Redonda Bedivere.,Avalon Le Fae,FGO
,Mirror Clan,Clã do Espelho,"Um dos seis clãs da Bretanha Feérica.
Composto de fadas com clarividência, o clã foi extinto em uma única noite.",Avalon Le Fae,FGO
,Morpounds,Morlibras,Moeda de troca atual da Bretanha Feérica.,Avalon Le Fae,FGO
,Nameless Woods,Bosque Sem Nome,"Bosque na costa da Cornualha amaldiçoado por uma névoa que faz
com que seres vivos que ali entrem percam as memórias sobre si mesmos.",Avalon Le Fae,FGO
,Nightcall,Grito da Noite,Espíritos de fadas que não entraram no ciclo de reencarnação.,Avalon Le Fae,FGO
,Orkney,Órcades,"O nome de um arquipélago ao norte da Escócia.
Aqui, é a cidade fantasma que outrora foi sede do clã da Chuva.",Avalon Le Fae,FGO
,Palamedes the Duelist,"Palamedes, o Duelista",Título do Cavaleiro da Távola Redonda Palamedes.,Avalon Le Fae,FGO
,Percival of the White Light,Percival da Luz Branca,"Título do Percival deste Lostbelt, dado por sua aptidão com a Lança da Seleção.",Avalon Le Fae,FGO
,Pilgrimage ,Peregrinação,"Na Bretanha Feérica, a Peregrinação se refere exclusivamente à jornada que a
Fada do Paraíso deve realizar para poder absolver os pecados da terra das fadas.",Avalon Le Fae,FGO
,Rain Clan,Clã da Chuva,"O clã da Bretanha Feérica que foi extinto há milênios.
Após um golpe político, o clã da Chuva foi massacrado pelos outros clãs.",Avalon Le Fae,FGO
,Salisbury ,Salisbúria,"Uma cidade ao sul da Inglaterra.
Aqui, é a sede do clã do Vento e da Catedral Freixo.",Avalon Le Fae,FGO
,Site of Selection,Altar da Seleção,"Um altar situado em Avalon. A forja do Mar Interior do Planeta.
O local onde a Fada do Paraíso concluirá sua jornada.",Avalon Le Fae,FGO
,Spear of Selection,Lança da Seleção,"Quando Freixo ainda bebê foi encontrada na costa de Orcádes, ela levava consigo
esta arma sagrada ritualística. Hoje, ela se encontra nas mãos de Percival.",Avalon Le Fae,FGO
,Staff of Selection,Cajado da Seleção,"Assim como Freixo e sua Lança, Artoria chegou ao vilarejo de Tintagel
com este cajado sagrado. Artoria o apelidou de Chastiefol.",Avalon Le Fae,FGO
,Sturdy Percival,"Percival, o Resistente",Título do Cavaleiro da Távola Redonda Percival.,Avalon Le Fae,FGO
,Taciturn Mordred,"Mordred, o Taciturno",Título do Cavaleiro da Távola Redonda Mordred.,Avalon Le Fae,FGO
,Tam Lin,Cavaleira Feérica,"Fadas a quem a rainha Morgan concedeu as ""Dádivas"", os nomes e poderes
dos Cavaleiros da Távola Redonda da História Humana Apropriada.",Avalon Le Fae,FGO
,Totrot the First Knight,"Totrot, a Primeira Cavaleira","Um dos companheiros de Freixo, a Salvadora.
Uma fada feroz e sem papas na língua.",Avalon Le Fae,FGO
,Valentine Mab Match,Duelo Mab de Dia dos Namorados,O duelo real entre candidatas à coroa no Clã do Rei.,Avalon Le Fae,FGO
,Wales ,Gales,"Um dos países que constituem o Reino Unido.
Aqui, Gales é um pequeno bosque situado na costa oeste.",Avalon Le Fae,FGO
,Wind Clan,Clã do Vento,"Um dos seis clãs da Bretanha Feérica.
Composto principalmente por fadas ágeis e simples.",Avalon Le Fae,FGO
,Wind Tiding,Boletim do Vento,"Uma habilidade das fadas do clã do Vento.
Elas são capazes de enviar mensagens pelos ventos da Bretanha a outras fadas.",Avalon Le Fae,FGO
,Wing Clan,Clã da Asa,"Um dos seis clãs da Bretanha Feérica.
Composto de fadas aladas, o clã foi extinto em uma das guerras pelo clã da Presa.",Avalon Le Fae,FGO
,Beast of Cherishment,Beast da Apreciação,,Tunguska,FGO
,Dead Zone,Zona Morta,,Tunguska,FGO
,Golden White Face,Pálida Face Dourada,,Tunguska,FGO
,Gun beast,Besta armada,,Tunguska,FGO
,Life Zone,Zona Viva,,Tunguska,FGO
,Lost Familiar,Prole Perdida,,Tunguska,FGO
,Lost Weapon,Arma Perdida,,Tunguska,FGO
,War beast,Besta de guerra,,Tunguska,FGO
,Disciple(s) of the Foreign World,Discípulo(s) do Mundo Estrangeiro,,Traum,FGO
,Jokanaan,Iokanaan,,Traum,FGO
,Karl der Große,"Carlos, o Grande",,Traum,FGO
,Restoration Realm,Reino da Restauração,,Traum,FGO
,Revenge Realm,Reino da Vingança,,Traum,FGO
,Subject E,Sujeito E,Corpo alienígena misterioso encontrado por David Bluebook.,Traum,FGO
,Trigonion Tower,Torre Trigoniana,,Traum,FGO
,Via Regia Realm,Reino da Via Regia,,Traum,FGO
,Xoqqer,Xoqqer,Futebol.,Nahui Mictlan,FGO
,A-ray,A-ray,"Fadas primordiais que carregam consigo funções básicas do próprio planeta Terra.
Woodwose é o único A-ray restante.",Não-Traduzido,FGO
,Avalon,Avalon,"Um dos muitos nomes do núcleo do planeta.
Avalon, Tír na nÓg, o Paraíso... Todos se referem ao Mar Interior do Planeta.",Não-Traduzido,FGO
,Awd Goggie,Awd Goggie,"Uma fada mitológica parecida com uma lagarta,
dita como uma espécie de ""bicho papão"".",Não-Traduzido,FGO
,Crypter(s),Crypter(s),"Um outro nome para a Equipe A, os sete magos mais
capacitados e de confiança de Marisbury Animusphere.",Não-Traduzido,FGO
,Grand Order (termo feminino),Grand Order (termo feminino),"A operação que visa impedir a Incineração da Humanidade
e corrigir as Singularidades.",Não-Traduzido,FGO
,Grande Armée,Grande Armée,O lendário exército de Napoleão Bonaparte.,Não-Traduzido,FGO
,Hassan-i Sabbah,Hassan-i Sabbah,"O nome dos dezenove líderes da ceita islâmica de assasSinos,
a Ordem dos AssasSinos.",Não-Traduzido,FGO
,Hikikomori,Hikikomori,"Termo japonês para pessoas que vivem isoladas, podendo ficar reclusas do mundo externo até por anos.",Não-Traduzido,FGO
,Inrou,Inrou,,Não-Traduzido,FGO
,Karmaphage,Karmaphage,,Não-Traduzido,FGO
,Klironomia,Klironomia,Spoiler do LB5: Nanomáquinas derivadas da tecnologia e da Autoridade dos Deuses do Olimpo.,Não-Traduzido,FGO
,Lostbelt,Lostbelt,"(termo masculino) Spoiler do Prólogo dos Lostbelts: Linhas temporais excluídas do multiverso por serem inapropriadas para o futuro da humanidade, mas que foram trazidas de volta pelas ações do Deus Estrangeiro.",Não-Traduzido,FGO
,Moon Cell,Moon Cell,(termo masculino) Um supercomputador criado há bilhões de anos na Lua que armazenou todas as informações que transcorreram na Terra desde sua criação.,Não-Traduzido,FGO
,Mors,Mors,"Fadas da Bretanha Feérica que morrem ao perder seu propósito se tornam Mors,
criaturas corrompidas que incitam outras fadas a se corromperem.",Não-Traduzido,FGO
,NEET,NEET,"""Not in Education, Employment or Training"". Uma pessoa que não frequenta a escola, não está em treinamento para nada, e nem trabalha.",Não-Traduzido,FGO
,Onmyouji,Onmyouji,"Um praticante de Onmyoudou, uma mistura de ciência natural e ocultismo tradicional do Japão.",Não-Traduzido,FGO
,Redra Bit,Redra Bit,Uma fada do clã do Vento com uma aparência bastante familiar.,Não-Traduzido,FGO
,Seraphix,Seraphix,(Termo feminino),Não-Traduzido,FGO
,Serial Phantasm/SE.RA.PH,Serial Phantasm/SE.RA.PH,(Termo masculino),Não-Traduzido,FGO
,Spiritron,Spiritron,"A ""verdadeira essência"" de uma alma.",Não-Traduzido,FGO
,Yuga,Yuga,Ciclos do Manvantara que indicam a idade do universo.,Não-Traduzido,FGO